indicator,borough,county,county_fips,period,period_start_year,period_end_year,period_midpoint,latitude,longitude,age_adjusted_rate_3yr_per_10000,age_adjusted_annual_rate_per_10000,event_count_3yr,crude_rate_3yr_per_10000,crude_annual_rate_per_10000,daily_mean_events,location_precision,source
Hospitalizations,Bronx,Bronx,36005,2000-2002,2000,2002,2001-07-01T00:00:00Z,40.8448,-73.8648,191.03,63.675,25637,190.39,63.464,23.391,Approximate borough centroid; county-level health data,New York State Department of Health asthma hospitalization and ED visit data
Hospitalizations,Brooklyn,Kings,36047,2000-2002,2000,2002,2001-07-01T00:00:00Z,40.6782,-73.9442,107.29,35.763,26138,105.61,35.204,23.849,Approximate borough centroid; county-level health data,New York State Department of Health asthma hospitalization and ED visit data
Hospitalizations,Manhattan,New York County,36061,2000-2002,2000,2002,2001-07-01T00:00:00Z,40.7831,-73.9712,104.34,34.78,14155,91.29,30.43,12.915,Approximate borough centroid; county-level health data,New York State Department of Health asthma hospitalization and ED visit data
Hospitalizations,Queens,Queens,36081,2000-2002,2000,2002,2001-07-01T00:00:00Z,40.7282,-73.7949,68.93,22.978,14762,66.23,22.078,13.469,Approximate borough centroid; county-level health data,New York State Department of Health asthma hospitalization and ED visit data
Hospitalizations,Staten Island,Richmond,36085,2000-2002,2000,2002,2001-07-01T00:00:00Z,40.5795,-74.1502,54.11,18.037,2423,53.96,17.988,2.211,Approximate borough centroid; county-level health data,New York State Department of Health asthma hospitalization and ED visit data
Hospitalizations,Bronx,Bronx,36005,2001-2003,2001,2003,2002-07-01T00:00:00Z,40.8448,-73.8648,203.61,67.871,27476,202.64,67.547,25.092,Approximate borough centroid; county-level health data,New York State Department of Health asthma hospitalization and ED visit data
Hospitalizations,Brooklyn,Kings,36047,2001-2003,2001,2003,2002-07-01T00:00:00Z,40.6782,-73.9442,110.93,36.976,26999,109,36.334,24.657,Approximate borough centroid; county-level health data,New York State Department of Health asthma hospitalization and ED visit data
Hospitalizations,Manhattan,New York County,36061,2001-2003,2001,2003,2002-07-01T00:00:00Z,40.7831,-73.9712,105.36,35.12,14327,91.97,30.657,13.084,Approximate borough centroid; county-level health data,New York State Department of Health asthma hospitalization and ED visit data
Hospitalizations,Queens,Queens,36081,2001-2003,2001,2003,2002-07-01T00:00:00Z,40.7282,-73.7949,72.4,24.135,15416,69.33,23.111,14.079,Approximate borough centroid; county-level health data,New York State Department of Health asthma hospitalization and ED visit data
Hospitalizations,Staten Island,Richmond,36085,2001-2003,2001,2003,2002-07-01T00:00:00Z,40.5795,-74.1502,52.93,17.643,2385,52.7,17.566,2.178,Approximate borough centroid; county-level health data,New York State Department of Health asthma hospitalization and ED visit data
Hospitalizations,Bronx,Bronx,36005,2002-2004,2002,2004,2003-07-01T00:00:00Z,40.8448,-73.8648,210.91,70.302,28451,209.19,69.732,25.959,Approximate borough centroid; county-level health data,New York State Department of Health asthma hospitalization and ED visit data
Hospitalizations,Brooklyn,Kings,36047,2002-2004,2002,2004,2003-07-01T00:00:00Z,40.6782,-73.9442,110.85,36.95,26873,108.76,36.253,24.519,Approximate borough centroid; county-level health data,New York State Department of Health asthma hospitalization and ED visit data
Hospitalizations,Manhattan,New York County,36061,2002-2004,2002,2004,2003-07-01T00:00:00Z,40.7831,-73.9712,104.2,34.733,14239,91.13,30.377,12.992,Approximate borough centroid; county-level health data,New York State Department of Health asthma hospitalization and ED visit data
Hospitalizations,Queens,Queens,36081,2002-2004,2002,2004,2003-07-01T00:00:00Z,40.7282,-73.7949,73.37,24.455,15536,70.22,23.406,14.175,Approximate borough centroid; county-level health data,New York State Department of Health asthma hospitalization and ED visit data
Hospitalizations,Staten Island,Richmond,36085,2002-2004,2002,2004,2003-07-01T00:00:00Z,40.5795,-74.1502,51.21,17.069,2317,50.9,16.967,2.114,Approximate borough centroid; county-level health data,New York State Department of Health asthma hospitalization and ED visit data
Hospitalizations,Bronx,Bronx,36005,2003-2005,2003,2005,2004-07-01T00:00:00Z,40.8448,-73.8648,207.91,69.303,27889,205.41,68.472,25.446,Approximate borough centroid; county-level health data,New York State Department of Health asthma hospitalization and ED visit data
Hospitalizations,Brooklyn,Kings,36047,2003-2005,2003,2005,2004-07-01T00:00:00Z,40.6782,-73.9442,109.88,36.626,26446,107.53,35.845,24.13,Approximate borough centroid; county-level health data,New York State Department of Health asthma hospitalization and ED visit data
Hospitalizations,Manhattan,New York County,36061,2003-2005,2003,2005,2004-07-01T00:00:00Z,40.7831,-73.9712,100.39,33.464,13730,87.53,29.178,12.527,Approximate borough centroid; county-level health data,New York State Department of Health asthma hospitalization and ED visit data
Hospitalizations,Queens,Queens,36081,2003-2005,2003,2005,2004-07-01T00:00:00Z,40.7282,-73.7949,72.55,24.183,15253,69.35,23.116,13.917,Approximate borough centroid; county-level health data,New York State Department of Health asthma hospitalization and ED visit data
Hospitalizations,Staten Island,Richmond,36085,2003-2005,2003,2005,2004-07-01T00:00:00Z,40.5795,-74.1502,50.68,16.892,2293,50.22,16.74,2.092,Approximate borough centroid; county-level health data,New York State Department of Health asthma hospitalization and ED visit data
Hospitalizations,Bronx,Bronx,36005,2004-2006,2004,2006,2005-07-01T00:00:00Z,40.8448,-73.8648,198.78,66.259,26505,195.9,65.302,24.183,Approximate borough centroid; county-level health data,New York State Department of Health asthma hospitalization and ED visit data
Hospitalizations,Brooklyn,Kings,36047,2004-2006,2004,2006,2005-07-01T00:00:00Z,40.6782,-73.9442,104.07,34.689,24855,101.57,33.858,22.678,Approximate borough centroid; county-level health data,New York State Department of Health asthma hospitalization and ED visit data
Hospitalizations,Manhattan,New York County,36061,2004-2006,2004,2006,2005-07-01T00:00:00Z,40.7831,-73.9712,94.07,31.356,12989,82.53,27.509,11.851,Approximate borough centroid; county-level health data,New York State Department of Health asthma hospitalization and ED visit data
Hospitalizations,Queens,Queens,36081,2004-2006,2004,2006,2005-07-01T00:00:00Z,40.7282,-73.7949,69.25,23.084,14462,66.16,22.054,13.195,Approximate borough centroid; county-level health data,New York State Department of Health asthma hospitalization and ED visit data
Hospitalizations,Staten Island,Richmond,36085,2004-2006,2004,2006,2005-07-01T00:00:00Z,40.5795,-74.1502,49.86,16.621,2257,49.37,16.457,2.059,Approximate borough centroid; county-level health data,New York State Department of Health asthma hospitalization and ED visit data
ED Visits,Bronx,Bronx,36005,2005-2007,2005,2007,2006-07-01T00:00:00Z,40.8448,-73.8648,780.65,260.218,107326,794.23,264.744,98.015,Approximate borough centroid; county-level health data,New York State Department of Health asthma hospitalization and ED visit data
ED Visits,Brooklyn,Kings,36047,2005-2007,2005,2007,2006-07-01T00:00:00Z,40.6782,-73.9442,389.95,129.984,93835,384.4,128.133,85.694,Approximate borough centroid; county-level health data,New York State Department of Health asthma hospitalization and ED visit data
ED Visits,Manhattan,New York County,36061,2005-2007,2005,2007,2006-07-01T00:00:00Z,40.7831,-73.9712,492.21,164.072,64910,411.42,137.139,59.279,Approximate borough centroid; county-level health data,New York State Department of Health asthma hospitalization and ED visit data
ED Visits,Queens,Queens,36081,2005-2007,2005,2007,2006-07-01T00:00:00Z,40.7282,-73.7949,262.24,87.413,53247,244.39,81.462,48.627,Approximate borough centroid; county-level health data,New York State Department of Health asthma hospitalization and ED visit data
ED Visits,Staten Island,Richmond,36085,2005-2007,2005,2007,2006-07-01T00:00:00Z,40.5795,-74.1502,232.7,77.567,10378,226.55,75.518,9.478,Approximate borough centroid; county-level health data,New York State Department of Health asthma hospitalization and ED visit data
Hospitalizations,Bronx,Bronx,36005,2005-2007,2005,2007,2006-07-01T00:00:00Z,40.8448,-73.8648,194.56,64.854,25879,191.51,63.836,23.634,Approximate borough centroid; county-level health data,New York State Department of Health asthma hospitalization and ED visit data
Hospitalizations,Brooklyn,Kings,36047,2005-2007,2005,2007,2006-07-01T00:00:00Z,40.6782,-73.9442,100.53,33.51,23932,98.04,32.679,21.856,Approximate borough centroid; county-level health data,New York State Department of Health asthma hospitalization and ED visit data
Hospitalizations,Manhattan,New York County,36061,2005-2007,2005,2007,2006-07-01T00:00:00Z,40.7831,-73.9712,89.25,29.748,12409,78.65,26.217,11.332,Approximate borough centroid; county-level health data,New York State Department of Health asthma hospitalization and ED visit data
Hospitalizations,Queens,Queens,36081,2005-2007,2005,2007,2006-07-01T00:00:00Z,40.7282,-73.7949,67.89,22.631,14105,64.74,21.579,12.881,Approximate borough centroid; county-level health data,New York State Department of Health asthma hospitalization and ED visit data
Hospitalizations,Staten Island,Richmond,36085,2005-2007,2005,2007,2006-07-01T00:00:00Z,40.5795,-74.1502,50.95,16.983,2315,50.54,16.846,2.114,Approximate borough centroid; county-level health data,New York State Department of Health asthma hospitalization and ED visit data
ED Visits,Bronx,Bronx,36005,2006-2008,2006,2008,2007-07-01T00:00:00Z,40.8448,-73.8648,810.01,270.003,111264,820.99,273.665,101.518,Approximate borough centroid; county-level health data,New York State Department of Health asthma hospitalization and ED visit data
ED Visits,Brooklyn,Kings,36047,2006-2008,2006,2008,2007-07-01T00:00:00Z,40.6782,-73.9442,393.04,131.012,94672,387.06,129.019,86.38,Approximate borough centroid; county-level health data,New York State Department of Health asthma hospitalization and ED visit data
ED Visits,Manhattan,New York County,36061,2006-2008,2006,2008,2007-07-01T00:00:00Z,40.7831,-73.9712,492.52,164.172,65535,414.2,138.067,59.795,Approximate borough centroid; county-level health data,New York State Department of Health asthma hospitalization and ED visit data
ED Visits,Queens,Queens,36081,2006-2008,2006,2008,2007-07-01T00:00:00Z,40.7282,-73.7949,262.01,87.338,53162,243.68,81.227,48.505,Approximate borough centroid; county-level health data,New York State Department of Health asthma hospitalization and ED visit data
ED Visits,Staten Island,Richmond,36085,2006-2008,2006,2008,2007-07-01T00:00:00Z,40.5795,-74.1502,238.27,79.422,10691,232.26,77.419,9.755,Approximate borough centroid; county-level health data,New York State Department of Health asthma hospitalization and ED visit data
Hospitalizations,Bronx,Bronx,36005,2006-2008,2006,2008,2007-07-01T00:00:00Z,40.8448,-73.8648,200.11,66.704,26647,196.62,65.541,24.313,Approximate borough centroid; county-level health data,New York State Department of Health asthma hospitalization and ED visit data
Hospitalizations,Brooklyn,Kings,36047,2006-2008,2006,2008,2007-07-01T00:00:00Z,40.6782,-73.9442,99.2,33.067,23665,96.75,32.251,21.592,Approximate borough centroid; county-level health data,New York State Department of Health asthma hospitalization and ED visit data
Hospitalizations,Manhattan,New York County,36061,2006-2008,2006,2008,2007-07-01T00:00:00Z,40.7831,-73.9712,89.08,29.693,12571,79.45,26.484,11.47,Approximate borough centroid; county-level health data,New York State Department of Health asthma hospitalization and ED visit data
Hospitalizations,Queens,Queens,36081,2006-2008,2006,2008,2007-07-01T00:00:00Z,40.7282,-73.7949,67.72,22.574,14085,64.56,21.521,12.851,Approximate borough centroid; county-level health data,New York State Department of Health asthma hospitalization and ED visit data
Hospitalizations,Staten Island,Richmond,36085,2006-2008,2006,2008,2007-07-01T00:00:00Z,40.5795,-74.1502,53.04,17.681,2443,53.07,17.691,2.229,Approximate borough centroid; county-level health data,New York State Department of Health asthma hospitalization and ED visit data
ED Visits,Bronx,Bronx,36005,2007-2009,2007,2009,2008-07-01T00:00:00Z,40.8448,-73.8648,795.72,265.241,109799,804.62,268.208,100.182,Approximate borough centroid; county-level health data,New York State Department of Health asthma hospitalization and ED visit data
ED Visits,Brooklyn,Kings,36047,2007-2009,2007,2009,2008-07-01T00:00:00Z,40.6782,-73.9442,402.6,134.199,97653,396.46,132.152,89.099,Approximate borough centroid; county-level health data,New York State Department of Health asthma hospitalization and ED visit data
ED Visits,Manhattan,New York County,36061,2007-2009,2007,2009,2008-07-01T00:00:00Z,40.7831,-73.9712,501,166.999,66713,421.18,140.394,60.87,Approximate borough centroid; county-level health data,New York State Department of Health asthma hospitalization and ED visit data
ED Visits,Queens,Queens,36081,2007-2009,2007,2009,2008-07-01T00:00:00Z,40.7282,-73.7949,262.39,87.465,53525,243.73,81.244,48.837,Approximate borough centroid; county-level health data,New York State Department of Health asthma hospitalization and ED visit data
ED Visits,Staten Island,Richmond,36085,2007-2009,2007,2009,2008-07-01T00:00:00Z,40.5795,-74.1502,249.53,83.177,11299,243.81,81.27,10.309,Approximate borough centroid; county-level health data,New York State Department of Health asthma hospitalization and ED visit data
Hospitalizations,Bronx,Bronx,36005,2007-2009,2007,2009,2008-07-01T00:00:00Z,40.8448,-73.8648,206.58,68.86,27710,203.06,67.688,25.283,Approximate borough centroid; county-level health data,New York State Department of Health asthma hospitalization and ED visit data
Hospitalizations,Brooklyn,Kings,36047,2007-2009,2007,2009,2008-07-01T00:00:00Z,40.6782,-73.9442,100.66,33.552,24182,98.18,32.725,22.064,Approximate borough centroid; county-level health data,New York State Department of Health asthma hospitalization and ED visit data
Hospitalizations,Manhattan,New York County,36061,2007-2009,2007,2009,2008-07-01T00:00:00Z,40.7831,-73.9712,87.71,29.235,12482,78.8,26.268,11.389,Approximate borough centroid; county-level health data,New York State Department of Health asthma hospitalization and ED visit data
Hospitalizations,Queens,Queens,36081,2007-2009,2007,2009,2008-07-01T00:00:00Z,40.7282,-73.7949,65.77,21.922,13780,62.75,20.916,12.573,Approximate borough centroid; county-level health data,New York State Department of Health asthma hospitalization and ED visit data
Hospitalizations,Staten Island,Richmond,36085,2007-2009,2007,2009,2008-07-01T00:00:00Z,40.5795,-74.1502,57.89,19.297,2707,58.41,19.471,2.47,Approximate borough centroid; county-level health data,New York State Department of Health asthma hospitalization and ED visit data
ED Visits,Bronx,Bronx,36005,2008-2010,2008,2010,2009-07-01T00:00:00Z,40.8448,-73.8648,773.01,257.669,107356,780.38,260.128,97.953,Approximate borough centroid; county-level health data,New York State Department of Health asthma hospitalization and ED visit data
ED Visits,Brooklyn,Kings,36047,2008-2010,2008,2010,2009-07-01T00:00:00Z,40.6782,-73.9442,417.63,139.21,102253,411.32,137.106,93.297,Approximate borough centroid; county-level health data,New York State Department of Health asthma hospitalization and ED visit data
ED Visits,Manhattan,New York County,36061,2008-2010,2008,2010,2009-07-01T00:00:00Z,40.7831,-73.9712,488.07,162.689,65102,410.37,136.791,59.4,Approximate borough centroid; county-level health data,New York State Department of Health asthma hospitalization and ED visit data
ED Visits,Queens,Queens,36081,2008-2010,2008,2010,2009-07-01T00:00:00Z,40.7282,-73.7949,268.98,89.659,55494,250.52,83.506,50.633,Approximate borough centroid; county-level health data,New York State Department of Health asthma hospitalization and ED visit data
ED Visits,Staten Island,Richmond,36085,2008-2010,2008,2010,2009-07-01T00:00:00Z,40.5795,-74.1502,264.45,88.149,12042,257.99,85.997,10.987,Approximate borough centroid; county-level health data,New York State Department of Health asthma hospitalization and ED visit data
Hospitalizations,Bronx,Bronx,36005,2008-2010,2008,2010,2009-07-01T00:00:00Z,40.8448,-73.8648,203.77,67.923,27544,200.22,66.74,25.131,Approximate borough centroid; county-level health data,New York State Department of Health asthma hospitalization and ED visit data
Hospitalizations,Brooklyn,Kings,36047,2008-2010,2008,2010,2009-07-01T00:00:00Z,40.6782,-73.9442,100.27,33.424,24321,97.83,32.611,22.191,Approximate borough centroid; county-level health data,New York State Department of Health asthma hospitalization and ED visit data
Hospitalizations,Manhattan,New York County,36061,2008-2010,2008,2010,2009-07-01T00:00:00Z,40.7831,-73.9712,85.13,28.377,12240,77.16,25.719,11.168,Approximate borough centroid; county-level health data,New York State Department of Health asthma hospitalization and ED visit data
Hospitalizations,Queens,Queens,36081,2008-2010,2008,2010,2009-07-01T00:00:00Z,40.7282,-73.7949,62.71,20.902,13328,60.17,20.056,12.161,Approximate borough centroid; county-level health data,New York State Department of Health asthma hospitalization and ED visit data
Hospitalizations,Staten Island,Richmond,36085,2008-2010,2008,2010,2009-07-01T00:00:00Z,40.5795,-74.1502,60.4,20.133,2865,61.38,20.46,2.614,Approximate borough centroid; county-level health data,New York State Department of Health asthma hospitalization and ED visit data
ED Visits,Bronx,Bronx,36005,2009-2011,2009,2011,2010-07-01T00:00:00Z,40.8448,-73.8648,754.46,251.486,105596,761.35,253.782,96.435,Approximate borough centroid; county-level health data,New York State Department of Health asthma hospitalization and ED visit data
ED Visits,Brooklyn,Kings,36047,2009-2011,2009,2011,2010-07-01T00:00:00Z,40.6782,-73.9442,434.77,144.923,107743,428.78,142.926,98.395,Approximate borough centroid; county-level health data,New York State Department of Health asthma hospitalization and ED visit data
ED Visits,Manhattan,New York County,36061,2009-2011,2009,2011,2010-07-01T00:00:00Z,40.7831,-73.9712,480.84,160.281,64167,402.68,134.227,58.6,Approximate borough centroid; county-level health data,New York State Department of Health asthma hospitalization and ED visit data
ED Visits,Queens,Queens,36081,2009-2011,2009,2011,2010-07-01T00:00:00Z,40.7282,-73.7949,276.81,92.27,57715,258.14,86.047,52.708,Approximate borough centroid; county-level health data,New York State Department of Health asthma hospitalization and ED visit data
ED Visits,Staten Island,Richmond,36085,2009-2011,2009,2011,2010-07-01T00:00:00Z,40.5795,-74.1502,275.35,91.785,12563,267.75,89.251,11.473,Approximate borough centroid; county-level health data,New York State Department of Health asthma hospitalization and ED visit data
Hospitalizations,Bronx,Bronx,36005,2009-2011,2009,2011,2010-07-01T00:00:00Z,40.8448,-73.8648,195.03,65.011,26657,192.2,64.066,24.344,Approximate borough centroid; county-level health data,New York State Department of Health asthma hospitalization and ED visit data
Hospitalizations,Brooklyn,Kings,36047,2009-2011,2009,2011,2010-07-01T00:00:00Z,40.6782,-73.9442,98.44,32.815,24189,96.26,32.088,22.09,Approximate borough centroid; county-level health data,New York State Department of Health asthma hospitalization and ED visit data
Hospitalizations,Manhattan,New York County,36061,2009-2011,2009,2011,2010-07-01T00:00:00Z,40.7831,-73.9712,80.22,26.74,11600,72.8,24.265,10.594,Approximate borough centroid; county-level health data,New York State Department of Health asthma hospitalization and ED visit data
Hospitalizations,Queens,Queens,36081,2009-2011,2009,2011,2010-07-01T00:00:00Z,40.7282,-73.7949,58.58,19.528,12699,56.8,18.933,11.597,Approximate borough centroid; county-level health data,New York State Department of Health asthma hospitalization and ED visit data
Hospitalizations,Staten Island,Richmond,36085,2009-2011,2009,2011,2010-07-01T00:00:00Z,40.5795,-74.1502,61.25,20.416,2945,62.77,20.922,2.689,Approximate borough centroid; county-level health data,New York State Department of Health asthma hospitalization and ED visit data
ED Visits,Bronx,Bronx,36005,2010-2012,2010,2012,2011-07-01T00:00:00Z,40.8448,-73.8648,782.49,260.829,110362,789.03,263.009,100.695,Approximate borough centroid; county-level health data,New York State Department of Health asthma hospitalization and ED visit data
ED Visits,Brooklyn,Kings,36047,2010-2012,2010,2012,2011-07-01T00:00:00Z,40.6782,-73.9442,453.54,151.179,113735,447.83,149.276,103.773,Approximate borough centroid; county-level health data,New York State Department of Health asthma hospitalization and ED visit data
ED Visits,Manhattan,New York County,36061,2010-2012,2010,2012,2011-07-01T00:00:00Z,40.7831,-73.9712,474.89,158.297,63966,398.05,132.683,58.363,Approximate borough centroid; county-level health data,New York State Department of Health asthma hospitalization and ED visit data
ED Visits,Queens,Queens,36081,2010-2012,2010,2012,2011-07-01T00:00:00Z,40.7282,-73.7949,274.17,91.389,58035,257.46,85.82,52.952,Approximate borough centroid; county-level health data,New York State Department of Health asthma hospitalization and ED visit data
ED Visits,Staten Island,Richmond,36085,2010-2012,2010,2012,2011-07-01T00:00:00Z,40.5795,-74.1502,281.59,93.862,12856,273.29,91.097,11.73,Approximate borough centroid; county-level health data,New York State Department of Health asthma hospitalization and ED visit data
Hospitalizations,Bronx,Bronx,36005,2010-2012,2010,2012,2011-07-01T00:00:00Z,40.8448,-73.8648,183.72,61.242,25373,181.4,60.468,23.151,Approximate borough centroid; county-level health data,New York State Department of Health asthma hospitalization and ED visit data
Hospitalizations,Brooklyn,Kings,36047,2010-2012,2010,2012,2011-07-01T00:00:00Z,40.6782,-73.9442,92.74,30.912,23128,91.07,30.355,21.102,Approximate borough centroid; county-level health data,New York State Department of Health asthma hospitalization and ED visit data
Hospitalizations,Manhattan,New York County,36061,2010-2012,2010,2012,2011-07-01T00:00:00Z,40.7831,-73.9712,75.11,25.036,10960,68.2,22.734,10,Approximate borough centroid; county-level health data,New York State Department of Health asthma hospitalization and ED visit data
Hospitalizations,Queens,Queens,36081,2010-2012,2010,2012,2011-07-01T00:00:00Z,40.7282,-73.7949,55.39,18.462,12242,54.31,18.103,11.17,Approximate borough centroid; county-level health data,New York State Department of Health asthma hospitalization and ED visit data
Hospitalizations,Staten Island,Richmond,36085,2010-2012,2010,2012,2011-07-01T00:00:00Z,40.5795,-74.1502,60.1,20.032,2924,62.16,20.719,2.668,Approximate borough centroid; county-level health data,New York State Department of Health asthma hospitalization and ED visit data
ED Visits,Bronx,Bronx,36005,2011-2013,2011,2013,2012-07-01T00:00:00Z,40.8448,-73.8648,833.6,277.866,118533,840.51,280.17,108.151,Approximate borough centroid; county-level health data,New York State Department of Health asthma hospitalization and ED visit data
ED Visits,Brooklyn,Kings,36047,2011-2013,2011,2013,2012-07-01T00:00:00Z,40.6782,-73.9442,454.67,151.558,115266,449.27,149.755,105.17,Approximate borough centroid; county-level health data,New York State Department of Health asthma hospitalization and ED visit data
ED Visits,Manhattan,New York County,36061,2011-2013,2011,2013,2012-07-01T00:00:00Z,40.7831,-73.9712,471.87,157.289,64156,396.05,132.017,58.536,Approximate borough centroid; county-level health data,New York State Department of Health asthma hospitalization and ED visit data
ED Visits,Queens,Queens,36081,2011-2013,2011,2013,2012-07-01T00:00:00Z,40.7282,-73.7949,267.26,89.088,57381,252.6,84.199,52.355,Approximate borough centroid; county-level health data,New York State Department of Health asthma hospitalization and ED visit data
ED Visits,Staten Island,Richmond,36085,2011-2013,2011,2013,2012-07-01T00:00:00Z,40.5795,-74.1502,279.02,93.007,12717,269.92,89.972,11.603,Approximate borough centroid; county-level health data,New York State Department of Health asthma hospitalization and ED visit data
Hospitalizations,Bronx,Bronx,36005,2011-2013,2011,2013,2012-07-01T00:00:00Z,40.8448,-73.8648,176.49,58.831,24674,174.96,58.321,22.513,Approximate borough centroid; county-level health data,New York State Department of Health asthma hospitalization and ED visit data
Hospitalizations,Brooklyn,Kings,36047,2011-2013,2011,2013,2012-07-01T00:00:00Z,40.6782,-73.9442,88.25,29.417,22347,87.1,29.034,20.39,Approximate borough centroid; county-level health data,New York State Department of Health asthma hospitalization and ED visit data
Hospitalizations,Manhattan,New York County,36061,2011-2013,2011,2013,2012-07-01T00:00:00Z,40.7831,-73.9712,71.93,23.976,10582,65.33,21.775,9.655,Approximate borough centroid; county-level health data,New York State Department of Health asthma hospitalization and ED visit data
Hospitalizations,Queens,Queens,36081,2011-2013,2011,2013,2012-07-01T00:00:00Z,40.7282,-73.7949,52.46,17.487,11793,51.91,17.305,10.76,Approximate borough centroid; county-level health data,New York State Department of Health asthma hospitalization and ED visit data
Hospitalizations,Staten Island,Richmond,36085,2011-2013,2011,2013,2012-07-01T00:00:00Z,40.5795,-74.1502,57.96,19.32,2828,60.02,20.008,2.58,Approximate borough centroid; county-level health data,New York State Department of Health asthma hospitalization and ED visit data
ED Visits,Bronx,Bronx,36005,2012-2014,2012,2014,2013-07-01T00:00:00Z,40.8448,-73.8648,880.84,293.613,126122,887.27,295.758,115.075,Approximate borough centroid; county-level health data,New York State Department of Health asthma hospitalization and ED visit data
ED Visits,Brooklyn,Kings,36047,2012-2014,2012,2014,2013-07-01T00:00:00Z,40.6782,-73.9442,448.91,149.636,114587,443.13,147.708,104.55,Approximate borough centroid; county-level health data,New York State Department of Health asthma hospitalization and ED visit data
ED Visits,Manhattan,New York County,36061,2012-2014,2012,2014,2013-07-01T00:00:00Z,40.7831,-73.9712,463.62,154.541,63691,391.38,130.459,58.112,Approximate borough centroid; county-level health data,New York State Department of Health asthma hospitalization and ED visit data
ED Visits,Queens,Queens,36081,2012-2014,2012,2014,2013-07-01T00:00:00Z,40.7282,-73.7949,258.8,86.266,56172,245.72,81.906,51.252,Approximate borough centroid; county-level health data,New York State Department of Health asthma hospitalization and ED visit data
ED Visits,Staten Island,Richmond,36085,2012-2014,2012,2014,2013-07-01T00:00:00Z,40.5795,-74.1502,270.77,90.257,12294,260.77,86.923,11.217,Approximate borough centroid; county-level health data,New York State Department of Health asthma hospitalization and ED visit data
Hospitalizations,Bronx,Bronx,36005,2012-2014,2012,2014,2013-07-01T00:00:00Z,40.8448,-73.8648,172.51,57.502,24361,171.38,57.127,22.227,Approximate borough centroid; county-level health data,New York State Department of Health asthma hospitalization and ED visit data
Hospitalizations,Brooklyn,Kings,36047,2012-2014,2012,2014,2013-07-01T00:00:00Z,40.6782,-73.9442,83.3,27.766,21351,82.57,27.523,19.481,Approximate borough centroid; county-level health data,New York State Department of Health asthma hospitalization and ED visit data
Hospitalizations,Manhattan,New York County,36061,2012-2014,2012,2014,2013-07-01T00:00:00Z,40.7831,-73.9712,69.93,23.308,10300,63.29,21.098,9.398,Approximate borough centroid; county-level health data,New York State Department of Health asthma hospitalization and ED visit data
Hospitalizations,Queens,Queens,36081,2012-2014,2012,2014,2013-07-01T00:00:00Z,40.7282,-73.7949,51.17,17.055,11599,50.74,16.913,10.583,Approximate borough centroid; county-level health data,New York State Department of Health asthma hospitalization and ED visit data
Hospitalizations,Staten Island,Richmond,36085,2012-2014,2012,2014,2013-07-01T00:00:00Z,40.5795,-74.1502,55.52,18.507,2694,57.14,19.048,2.458,Approximate borough centroid; county-level health data,New York State Department of Health asthma hospitalization and ED visit data
ED Visits,Bronx,Bronx,36005,2013-2015,2013,2015,2014-07-01T00:00:00Z,40.8448,-73.8648,878.79,292.93,126638,884.99,294.996,115.651,Approximate borough centroid; county-level health data,New York State Department of Health asthma hospitalization and ED visit data
ED Visits,Brooklyn,Kings,36047,2013-2015,2013,2015,2014-07-01T00:00:00Z,40.6782,-73.9442,429.54,143.18,110044,423.36,141.118,100.497,Approximate borough centroid; county-level health data,New York State Department of Health asthma hospitalization and ED visit data
ED Visits,Manhattan,New York County,36061,2013-2015,2013,2015,2014-07-01T00:00:00Z,40.7831,-73.9712,449.59,149.864,62335,382.09,127.364,56.927,Approximate borough centroid; county-level health data,New York State Department of Health asthma hospitalization and ED visit data
ED Visits,Queens,Queens,36081,2013-2015,2013,2015,2014-07-01T00:00:00Z,40.7282,-73.7949,250.58,83.527,54694,238.08,79.361,49.949,Approximate borough centroid; county-level health data,New York State Department of Health asthma hospitalization and ED visit data
ED Visits,Staten Island,Richmond,36085,2013-2015,2013,2015,2014-07-01T00:00:00Z,40.5795,-74.1502,254.61,84.872,11498,243.59,81.195,10.5,Approximate borough centroid; county-level health data,New York State Department of Health asthma hospitalization and ED visit data
Hospitalizations,Bronx,Bronx,36005,2013-2015,2013,2015,2014-07-01T00:00:00Z,40.8448,-73.8648,161.93,53.975,23124,161.6,53.866,21.118,Approximate borough centroid; county-level health data,New York State Department of Health asthma hospitalization and ED visit data
Hospitalizations,Brooklyn,Kings,36047,2013-2015,2013,2015,2014-07-01T00:00:00Z,40.6782,-73.9442,73.13,24.375,18907,72.74,24.246,17.267,Approximate borough centroid; county-level health data,New York State Department of Health asthma hospitalization and ED visit data
Hospitalizations,Manhattan,New York County,36061,2013-2015,2013,2015,2014-07-01T00:00:00Z,40.7831,-73.9712,63.88,21.292,9377,57.48,19.159,8.563,Approximate borough centroid; county-level health data,New York State Department of Health asthma hospitalization and ED visit data
Hospitalizations,Queens,Queens,36081,2013-2015,2013,2015,2014-07-01T00:00:00Z,40.7282,-73.7949,47.7,15.901,10917,47.52,15.841,9.97,Approximate borough centroid; county-level health data,New York State Department of Health asthma hospitalization and ED visit data
Hospitalizations,Staten Island,Richmond,36085,2013-2015,2013,2015,2014-07-01T00:00:00Z,40.5795,-74.1502,50.47,16.824,2433,51.54,17.181,2.222,Approximate borough centroid; county-level health data,New York State Department of Health asthma hospitalization and ED visit data
ED Visits,Bronx,Bronx,36005,2014-2016,2014,2016,2015-07-01T00:00:00Z,40.8448,-73.8648,838.93,279.643,121368,843.74,281.246,110.737,Approximate borough centroid; county-level health data,New York State Department of Health asthma hospitalization and ED visit data
ED Visits,Brooklyn,Kings,36047,2014-2016,2014,2016,2015-07-01T00:00:00Z,40.6782,-73.9442,410.68,136.893,105158,403.48,134.495,95.947,Approximate borough centroid; county-level health data,New York State Department of Health asthma hospitalization and ED visit data
ED Visits,Manhattan,New York County,36061,2014-2016,2014,2016,2015-07-01T00:00:00Z,40.7831,-73.9712,439.16,146.386,61095,373.88,124.628,55.744,Approximate borough centroid; county-level health data,New York State Department of Health asthma hospitalization and ED visit data
ED Visits,Queens,Queens,36081,2014-2016,2014,2016,2015-07-01T00:00:00Z,40.7282,-73.7949,243.79,81.264,53080,230.4,76.801,48.431,Approximate borough centroid; county-level health data,New York State Department of Health asthma hospitalization and ED visit data
ED Visits,Staten Island,Richmond,36085,2014-2016,2014,2016,2015-07-01T00:00:00Z,40.5795,-74.1502,237.17,79.057,10652,225.31,75.103,9.719,Approximate borough centroid; county-level health data,New York State Department of Health asthma hospitalization and ED visit data
Hospitalizations,Bronx,Bronx,36005,2014-2016,2014,2016,2015-07-01T00:00:00Z,40.8448,-73.8648,145.73,48.578,20964,145.74,48.58,19.128,Approximate borough centroid; county-level health data,New York State Department of Health asthma hospitalization and ED visit data
Hospitalizations,Brooklyn,Kings,36047,2014-2016,2014,2016,2015-07-01T00:00:00Z,40.6782,-73.9442,59.82,19.941,15466,59.34,19.781,14.111,Approximate borough centroid; county-level health data,New York State Department of Health asthma hospitalization and ED visit data
Hospitalizations,Manhattan,New York County,36061,2014-2016,2014,2016,2015-07-01T00:00:00Z,40.7831,-73.9712,55.2,18.4,7862,48.11,16.038,7.173,Approximate borough centroid; county-level health data,New York State Department of Health asthma hospitalization and ED visit data
Hospitalizations,Queens,Queens,36081,2014-2016,2014,2016,2015-07-01T00:00:00Z,40.7282,-73.7949,41.79,13.93,9525,41.34,13.782,8.691,Approximate borough centroid; county-level health data,New York State Department of Health asthma hospitalization and ED visit data
Hospitalizations,Staten Island,Richmond,36085,2014-2016,2014,2016,2015-07-01T00:00:00Z,40.5795,-74.1502,46.45,15.484,2216,46.87,15.624,2.022,Approximate borough centroid; county-level health data,New York State Department of Health asthma hospitalization and ED visit data
ED Visits,Bronx,Bronx,36005,2015-2017,2015,2017,2016-07-01T00:00:00Z,40.8448,-73.8648,775.5,258.5,112246,778.58,259.526,102.414,Approximate borough centroid; county-level health data,New York State Department of Health asthma hospitalization and ED visit data
ED Visits,Brooklyn,Kings,36047,2015-2017,2015,2017,2016-07-01T00:00:00Z,40.6782,-73.9442,382.02,127.339,97520,374.51,124.835,88.978,Approximate borough centroid; county-level health data,New York State Department of Health asthma hospitalization and ED visit data
ED Visits,Manhattan,New York County,36061,2015-2017,2015,2017,2016-07-01T00:00:00Z,40.7831,-73.9712,414.4,138.133,57804,353.74,117.914,52.741,Approximate borough centroid; county-level health data,New York State Department of Health asthma hospitalization and ED visit data
ED Visits,Queens,Queens,36081,2015-2017,2015,2017,2016-07-01T00:00:00Z,40.7282,-73.7949,233.81,77.935,50553,219.53,73.175,46.125,Approximate borough centroid; county-level health data,New York State Department of Health asthma hospitalization and ED visit data
ED Visits,Staten Island,Richmond,36085,2015-2017,2015,2017,2016-07-01T00:00:00Z,40.5795,-74.1502,218.98,72.994,9809,206.93,68.977,8.95,Approximate borough centroid; county-level health data,New York State Department of Health asthma hospitalization and ED visit data
Hospitalizations,Bronx,Bronx,36005,2015-2017,2015,2017,2016-07-01T00:00:00Z,40.8448,-73.8648,124.11,41.37,17932,124.38,41.461,16.361,Approximate borough centroid; county-level health data,New York State Department of Health asthma hospitalization and ED visit data
Hospitalizations,Brooklyn,Kings,36047,2015-2017,2015,2017,2016-07-01T00:00:00Z,40.6782,-73.9442,46.44,15.481,11925,45.8,15.265,10.88,Approximate borough centroid; county-level health data,New York State Department of Health asthma hospitalization and ED visit data
Hospitalizations,Manhattan,New York County,36061,2015-2017,2015,2017,2016-07-01T00:00:00Z,40.7831,-73.9712,45.71,15.235,6293,38.51,12.837,5.742,Approximate borough centroid; county-level health data,New York State Department of Health asthma hospitalization and ED visit data
Hospitalizations,Queens,Queens,36081,2015-2017,2015,2017,2016-07-01T00:00:00Z,40.7282,-73.7949,35.17,11.725,7975,34.63,11.544,7.276,Approximate borough centroid; county-level health data,New York State Department of Health asthma hospitalization and ED visit data
Hospitalizations,Staten Island,Richmond,36085,2015-2017,2015,2017,2016-07-01T00:00:00Z,40.5795,-74.1502,39.66,13.22,1862,39.28,13.094,1.699,Approximate borough centroid; county-level health data,New York State Department of Health asthma hospitalization and ED visit data
ED Visits,Bronx,Bronx,36005,2016-2018,2016,2018,2017-07-01T00:00:00Z,40.8448,-73.8648,722.86,240.954,104146,723.72,241.239,95.024,Approximate borough centroid; county-level health data,New York State Department of Health asthma hospitalization and ED visit data
ED Visits,Brooklyn,Kings,36047,2016-2018,2016,2018,2017-07-01T00:00:00Z,40.6782,-73.9442,358.89,119.63,90928,350.57,116.856,82.964,Approximate borough centroid; county-level health data,New York State Department of Health asthma hospitalization and ED visit data
ED Visits,Manhattan,New York County,36061,2016-2018,2016,2018,2017-07-01T00:00:00Z,40.7831,-73.9712,388.7,129.566,54091,331.49,110.498,49.353,Approximate borough centroid; county-level health data,New York State Department of Health asthma hospitalization and ED visit data
ED Visits,Queens,Queens,36081,2016-2018,2016,2018,2017-07-01T00:00:00Z,40.7282,-73.7949,223.1,74.365,47621,207.73,69.244,43.45,Approximate borough centroid; county-level health data,New York State Department of Health asthma hospitalization and ED visit data
ED Visits,Staten Island,Richmond,36085,2016-2018,2016,2018,2017-07-01T00:00:00Z,40.5795,-74.1502,208,69.334,9303,195.72,65.24,8.488,Approximate borough centroid; county-level health data,New York State Department of Health asthma hospitalization and ED visit data
Hospitalizations,Bronx,Bronx,36005,2016-2018,2016,2018,2017-07-01T00:00:00Z,40.8448,-73.8648,108.36,36.119,15597,108.38,36.128,14.231,Approximate borough centroid; county-level health data,New York State Department of Health asthma hospitalization and ED visit data
Hospitalizations,Brooklyn,Kings,36047,2016-2018,2016,2018,2017-07-01T00:00:00Z,40.6782,-73.9442,39.72,13.239,10051,38.75,12.917,9.171,Approximate borough centroid; county-level health data,New York State Department of Health asthma hospitalization and ED visit data
Hospitalizations,Manhattan,New York County,36061,2016-2018,2016,2018,2017-07-01T00:00:00Z,40.7831,-73.9712,40.14,13.379,5304,32.51,10.835,4.839,Approximate borough centroid; county-level health data,New York State Department of Health asthma hospitalization and ED visit data
Hospitalizations,Queens,Queens,36081,2016-2018,2016,2018,2017-07-01T00:00:00Z,40.7282,-73.7949,31.03,10.343,6873,29.98,9.994,6.271,Approximate borough centroid; county-level health data,New York State Department of Health asthma hospitalization and ED visit data
Hospitalizations,Staten Island,Richmond,36085,2016-2018,2016,2018,2017-07-01T00:00:00Z,40.5795,-74.1502,35.12,11.708,1605,33.77,11.255,1.464,Approximate borough centroid; county-level health data,New York State Department of Health asthma hospitalization and ED visit data
ED Visits,Bronx,Bronx,36005,2017-2019,2017,2019,2018-07-01T00:00:00Z,40.8448,-73.8648,663.07,221.023,94758,662.5,220.834,86.537,Approximate borough centroid; county-level health data,New York State Department of Health asthma hospitalization and ED visit data
ED Visits,Brooklyn,Kings,36047,2017-2019,2017,2019,2018-07-01T00:00:00Z,40.6782,-73.9442,327.74,109.248,82412,319.73,106.577,75.262,Approximate borough centroid; county-level health data,New York State Department of Health asthma hospitalization and ED visit data
ED Visits,Manhattan,New York County,36061,2017-2019,2017,2019,2018-07-01T00:00:00Z,40.7831,-73.9712,352.11,117.369,49141,301.57,100.525,44.878,Approximate borough centroid; county-level health data,New York State Department of Health asthma hospitalization and ED visit data
ED Visits,Queens,Queens,36081,2017-2019,2017,2019,2018-07-01T00:00:00Z,40.7282,-73.7949,204.55,68.184,43355,190.59,63.531,39.594,Approximate borough centroid; county-level health data,New York State Department of Health asthma hospitalization and ED visit data
ED Visits,Staten Island,Richmond,36085,2017-2019,2017,2019,2018-07-01T00:00:00Z,40.5795,-74.1502,204.87,68.289,9172,192.68,64.226,8.376,Approximate borough centroid; county-level health data,New York State Department of Health asthma hospitalization and ED visit data
Hospitalizations,Bronx,Bronx,36005,2017-2019,2017,2019,2018-07-01T00:00:00Z,40.8448,-73.8648,100.66,33.552,14441,100.96,33.655,13.188,Approximate borough centroid; county-level health data,New York State Department of Health asthma hospitalization and ED visit data
Hospitalizations,Brooklyn,Kings,36047,2017-2019,2017,2019,2018-07-01T00:00:00Z,40.6782,-73.9442,37.91,12.635,9547,37.04,12.346,8.719,Approximate borough centroid; county-level health data,New York State Department of Health asthma hospitalization and ED visit data
Hospitalizations,Manhattan,New York County,36061,2017-2019,2017,2019,2018-07-01T00:00:00Z,40.7831,-73.9712,37.34,12.446,4980,30.56,10.187,4.548,Approximate borough centroid; county-level health data,New York State Department of Health asthma hospitalization and ED visit data
Hospitalizations,Queens,Queens,36081,2017-2019,2017,2019,2018-07-01T00:00:00Z,40.7282,-73.7949,29.7,9.898,6546,28.78,9.592,5.978,Approximate borough centroid; county-level health data,New York State Department of Health asthma hospitalization and ED visit data
Hospitalizations,Staten Island,Richmond,36085,2017-2019,2017,2019,2018-07-01T00:00:00Z,40.5795,-74.1502,30.68,10.228,1404,29.49,9.831,1.282,Approximate borough centroid; county-level health data,New York State Department of Health asthma hospitalization and ED visit data
